Antibiotic,Fixed Dose (mg),Min Dose (mg),Max Dose (mg),Typical Doses/Day,Route of Administration,How supplied,Wrapping (Premix),Wrapping (50mL Duplex),Vial,Vial Cap,Syringe,Needle,Needle Cap,Needle Hub,5-micron filter,50mL IVPB,100mL IVPB ,150mL IVPB,200mL,250mL IVPB,300mL IVPB,500mL IVPB,1000mL IVPB,IV Tubing,Flush,Admin Cup,Bulk Bottle Qty (tabs),Bulk Bottle Qty (Cap),Bag Label,Unit Dose Ziploc,Blister Card,Oral Syringe,Syringe cap,Suspension Bottle (Stock)
Acyclovir,,1,350,3,IV,Vial (Solution),0,0,1,1,1,1,1,1,0,1,0,0,0,0,0,0,0,1,1,0,0,0,0,0,0,0,0,0
Acyclovir,,1,350,3,IV,Vial (Powder),0,0,2,2,1,1,1,1,0,1,0,0,0,0,0,0,0,1,1,0,0,0,0,0,0,0,0,0
Acyclovir,,351,700,3,IV,Vial (Solution),0,0,1,1,1,1,1,1,0,0,1,0,0,0,0,0,0,1,1,0,0,0,0,0,0,0,0,0
Acyclovir,,351,700,3,IV,Vial (Powder),0,0,2,2,1,1,1,1,0,0,1,0,0,0,0,0,0,1,1,0,0,0,0,0,0,0,0,0
Acyclovir,,751,9999,3,IV,Vial (Powder),0,0,2,2,1,1,1,1,0,0,0,0,0,1,0,0,0,1,1,0,0,0,0,0,0,0,0,0
Acyclovir,,751,9999,3,IV,Vial (Solution),0,0,1,1,1,1,1,1,0,0,0,0,0,1,0,0,0,1,1,0,0,0,0,0,0,0,0,0
Amikaci,,1,1000,1,IV,Vial (Solution),0,0,1,1,1,1,1,1,0,0,1,0,0,0,0,0,0,1,1,0,0,0,0,0,0,0,0,0
Amikacin,,1001,2000,1,IV,Vial (Solution),0,0,2,2,1,1,1,1,0,0,0,0,0,1,0,0,0,1,1,0,0,0,0,0,0,0,0,0
Amikacin,,2001,3000,1,IV,Vial (Solution),0,0,3,3,1,1,1,1,0,0,0,0,0,1,0,0,0,1,1,0,0,0,0,0,0,0,0,0
Amoxicillin,500,,,3,PO,Capsule,0,0,0,0,0,0,0,0,0,0,0,0,0,0,0,0,0,0,0,1,,,1,1,1,0,0,0
Amoxicillin,125,,,3,PO,Suspension,0,0,0,0,0,0,0,0,0,0,0,0,0,0,0,0,0,0,0,0,,,1,1,0,1,1,0.015625
Amoxicillin,250,,,3,PO,Suspension,0,0,0,0,0,0,0,0,0,0,0,0,0,0,0,0,0,0,0,0,,,1,1,0,1,1,0.03125
Amoxicillin,500,,,3,PO,Suspension,0,0,0,0,0,0,0,0,0,0,0,0,0,0,0,0,0,0,0,0,,,1,1,0,1,1,0.0625
Amoxicillin,875,,,3,PO,Suspension,0,0,0,0,0,0,0,0,0,0,0,0,0,0,0,0,0,0,0,0,,,1,1,0,1,1,0.109375
Amoxicillin,1000,,,3,PO,Suspension,0,0,0,0,0,0,0,0,0,0,0,0,0,0,0,0,0,0,0,0,,,1,1,0,1,1,0.125
Amoxicillin,1000,,,3,PO,Tablet,0,0,0,0,0,0,0,0,0,0,0,0,0,0,0,0,0,0,0,1,,,1,1,1,0,0,0
Amoxicillin,500,,,3,PO,Tablet,0,0,0,0,0,0,0,0,0,0,0,0,0,0,0,0,0,0,0,1,,,1,1,1,0,0,0
Amoxicillin,875,,,3,PO,Tablet,0,0,0,0,0,0,0,0,0,0,0,0,0,0,0,0,0,0,0,1,,,1,1,1,0,0,0
Amoxicillin,125,,,3,PO,Tablet,0,0,0,0,0,0,0,0,0,0,0,0,0,0,0,0,0,0,0,1,,,1,1,1,0,0,0
Amoxicillin,250,,,3,PO,Tablet,0,0,0,0,0,0,0,0,0,0,0,0,0,0,0,0,0,0,0,1,,,1,1,1,0,0,0
Amoxicillin-clavulanate,250/125,,,3,PO,Tablet,0,0,0,0,0,0,0,0,0,0,0,0,0,0,0,0,0,0,0,1,,,1,1,1,0,0,0
Amoxicillin-clavulanate,500/125,,,2,PO,Tablet,0,0,0,0,0,0,0,0,0,0,0,0,0,0,0,0,0,0,0,1,,,1,1,1,0,0,0
Amoxicillin-clavulanate,875/125,,,2,PO,Tablet,0,0,0,0,0,0,0,0,0,0,0,0,0,0,0,0,0,0,0,1,,,1,1,1,0,0,0
Amoxicillin-clavulanate,125/31.25,,,2,PO,Tablet,0,0,0,0,0,0,0,0,0,0,0,0,0,0,0,0,0,0,0,1,,,1,1,1,0,0,0
Amoxicillin-clavulanate,200/28.5,,,2,PO,Tablet,0,0,0,0,0,0,0,0,0,0,0,0,0,0,0,0,0,0,0,1,,,1,1,1,0,0,0
Amoxicillin-clavulanate,250/62.5,,,3,PO,Tablet,0,0,0,0,0,0,0,0,0,0,0,0,0,0,0,0,0,0,0,1,,,1,1,1,0,0,0
Amoxicillin-clavulanate,400/57,,,2,PO,Tablet,0,0,0,0,0,0,0,0,0,0,0,0,0,0,0,0,0,0,0,1,,,1,1,1,0,0,0
Amoxicillin-clavulanate,125/31.25,,,3,PO,Suspension,0,0,0,0,0,0,0,0,0,0,0,0,0,0,0,0,0,0,0,0,,,1,1,0,1,1,0.025
Amoxicillin-clavulanate,250/62.5,,,2,PO,Suspension,0,0,0,0,0,0,0,0,0,0,0,0,0,0,0,0,0,0,0,0,,,1,1,0,1,1,0.05
Amoxicillin-clavulanate,500/125,,,3,PO,Suspension,0,0,0,0,0,0,0,0,0,0,0,0,0,0,0,0,0,0,0,0,,,1,1,0,1,1,0.1
Amoxicillin-clavulanate,875/125,,,2,PO,Suspension,0,0,0,0,0,0,0,0,0,0,0,0,0,0,0,0,0,0,0,0,,,1,1,0,1,1,0.109375
Amphotericin B Liposomal,,1,50,1,IV,Vial (Powder),0,0,2,2,1,1,1,1,1,0,0,0,0,1,0,0,0,1,1,0,0,0,0,0,0,0,0,0
Amphotericin B Liposomal,,51,100,,IV,Vial (Powder),0,0,3,3,1,1,1,1,2,0,0,0,0,1,0,0,0,1,1,0,0,0,0,0,0,0,0,0
Amphotericin B Liposomal,,101,150,,IV,Vial (Powder),0,0,4,4,1,1,1,1,3,0,0,0,0,1,0,0,0,1,1,0,0,0,0,0,0,0,0,0
Amphotericin B Liposomal,,151,200,,IV,Vial (Powder),0,0,5,5,1,1,1,1,4,0,0,0,0,1,0,0,0,1,1,0,0,0,0,0,0,0,0,0
Amphotericin B Liposomal,,201,250,,IV,Vial (Powder),0,0,6,6,1,1,1,1,5,0,0,0,0,1,0,0,0,1,1,0,0,0,0,0,0,0,0,0
Amphotericin B Liposomal,,251,300,,IV,Vial (Powder),0,0,7,7,1,1,1,1,6,0,0,0,0,1,0,0,0,1,1,0,0,0,0,0,0,0,0,0
Amphotericin B Liposomal,,301,350,,IV,Vial (Powder),0,0,8,8,1,1,1,1,7,0,0,0,0,1,0,0,0,1,1,0,0,0,0,0,0,0,0,0
Amphotericin B Liposomal,,351,400,,IV,Vial (Powder),0,0,9,9,1,1,1,1,8,0,0,0,0,1,0,0,0,1,1,0,0,0,0,0,0,0,0,0
Amphotericin B Liposomal,,401,450,,IV,Vial (Powder),0,0,10,10,1,1,1,1,9,0,0,0,0,1,0,0,0,1,1,0,0,0,0,0,0,0,0,0
Amphotericin B Liposomal,,451,500,,IV,Vial (Powder),0,0,11,11,1,1,1,1,10,0,0,0,0,1,0,0,0,1,1,0,0,0,0,0,0,0,0,0
Ampicillin,1000,,,6,IV,Vial (Solution),0,0,1,1,1,1,1,1,0,1,0,0,0,0,0,0,0,1,1,0,0,0,0,0,0,0,0,0
Ampicillin,1000,,,6,IV,Vial (Powder),0,0,2,2,1,1,1,1,0,1,0,0,0,0,0,0,0,1,1,0,0,0,0,0,0,0,0,0
Ampicillin,2000,,,6,IV,Vial (Solution),0,0,1,1,1,1,1,1,0,0,1,0,0,0,0,0,0,1,1,0,0,0,0,0,0,0,0,0
Ampicillin,2000,,,6,IV,Vial (Powder),0,0,2,2,1,1,1,1,0,0,1,0,0,0,0,0,0,1,1,0,0,0,0,0,0,0,0,0
Ampicillin,1000,,,6,IVP,Vial (Solution),0,0,1,1,1,1,1,1,0,0,0,0,0,0,0,0,0,0,1,0,0,0,0,0,0,0,0,0
Ampicillin,1000,,,6,IVP,Vial (Powder),0,0,2,2,1,1,1,1,0,0,0,0,0,0,0,0,0,0,1,0,0,0,0,0,0,0,0,0
Ampicillin,2000,,,6,IVP,Vial (Solution),0,0,1,1,1,1,1,1,0,0,0,0,0,0,0,0,0,0,1,0,0,0,0,0,0,0,0,0
Ampicillin,2000,,,6,IVP,Vial (Powder),0,0,2,2,1,1,1,1,0,0,0,0,0,0,0,0,0,0,1,0,0,0,0,0,0,0,0,0
Ampicillin,1000,,,6,IV,Mini-bag (Powder),0,0,1,1,0,0,0,0,0,1,0,0,0,0,0,0,0,1,1,0,0,0,0,0,0,0,0,0
Ampicillin,2000,,,6,IV,Mini-bag (Powder),0,0,1,1,0,0,0,0,0,0,1,0,0,0,0,0,0,1,1,0,0,0,0,0,0,0,0,0
Ampicillin-sulbactam,1500,,,4,IV,Vial (Solution),0,0,1,1,1,1,1,1,0,1,0,0,0,0,0,0,0,1,1,0,0,0,0,0,0,0,0,0
Ampicillin-sulbactam,1500,,,4,IV,Vial (Powder),0,0,2,2,1,1,1,1,0,1,0,0,0,0,0,0,0,1,1,0,0,0,0,0,0,0,0,0
Ampicillin-sulbactam,3000,,,4,IV,Vial (Solution),0,0,1,1,1,1,1,1,0,0,1,0,0,0,0,0,0,1,1,0,0,0,0,0,0,0,0,0
Ampicillin-sulbactam,3000,,,4,IV,Vial (Powder),0,0,2,2,1,1,1,1,0,0,1,0,0,0,0,0,0,1,1,0,0,0,0,0,0,0,0,0
Ampicillin-sulbactam,1500,,,4,IVP,Vial (Solution),0,0,1,1,1,1,1,1,0,0,0,0,0,0,0,0,0,0,1,0,0,0,0,0,0,0,0,0
Ampicillin-sulbactam,1500,,,4,IVP,Vial (Powder),0,0,2,2,1,1,1,1,0,0,0,0,0,0,0,0,0,0,1,0,0,0,0,0,0,0,0,0
Ampicillin-sulbactam,3000,,,4,IVP,Vial (Solution),0,0,1,1,1,1,1,1,0,0,0,0,0,0,0,0,0,0,1,0,0,0,0,0,0,0,0,0
Ampicillin-sulbactam,3000,,,4,IVP,Vial (Powder),0,0,2,2,1,1,1,1,0,0,0,0,0,0,0,0,0,0,1,0,0,0,0,0,0,0,0,0
Ampicillin-sulbactam,1500,,,4,IV,Mini-bag (Powder),0,0,1,1,0,0,0,0,0,1,0,0,0,0,0,0,0,1,1,0,0,0,0,0,0,0,0,0
Ampicillin-sulbactam,3000,,,4,IV,Mini-bag (Powder),0,0,1,1,0,0,0,0,0,0,1,0,0,0,0,0,0,1,1,0,0,0,0,0,0,0,0,0
Azithromycin,500,,,1,IV,Vial (Powder),0,0,2,2,1,1,1,1,0,0,0,0,0,1,0,0,0,1,1,0,0,0,0,0,0,0,0,0
Azithromycin,1000,,,1,IV,Vial (Powder),0,0,2,2,1,1,1,1,0,0,0,0,0,0,0,1,0,1,1,0,0,0,0,0,0,0,0,0
Azithromycin,500,,,1,IV,Mini-bag (Powder),0,0,1,1,0,0,0,0,0,0,0,0,0,1,0,0,0,1,1,0,0,0,0,0,0,0,0,0
Azithromycin,250,,,1,PO,Suspension,0,0,0,0,0,0,0,0,0,0,0,0,0,0,0,0,0,0,0,0,,,1,1,0,1,1,0.20833333333333334
Azithromycin,500,,,1,PO,Suspension,0,0,0,0,0,0,0,0,0,0,0,0,0,0,0,0,0,0,0,0,,,1,1,0,1,1,0.4166666666666667
Azithromycin,250,,,1,PO,Tablet,0,0,0,0,0,0,0,0,0,0,0,0,0,0,0,0,0,0,0,1,,,1,1,1,0,0,0
Azithromycin,500,,,1,PO,Tablet,0,0,0,0,0,0,0,0,0,0,0,0,0,0,0,0,0,0,0,1,,,1,1,1,0,0,0
Aztreonam,1000,,,3,IV,Vial (Powder),0,0,2,2,1,1,1,1,0,1,0,0,0,0,0,0,0,1,1,0,0,0,0,0,0,0,0,0
Aztreonam,1000,,,3,IV,Vial (Solution),0,0,1,1,1,1,1,1,0,1,0,0,0,0,0,0,0,1,1,0,0,0,0,0,0,0,0,0
Aztreonam,2000,,,3,IV,Vial (Solution),0,0,1,1,1,1,1,1,0,0,1,0,0,0,0,0,0,1,1,0,0,0,0,0,0,0,0,0
Aztreonam,2000,,,3,IV,Vial (Powder),0,0,2,2,1,1,1,1,0,0,1,0,0,0,0,0,0,1,1,0,0,0,0,0,0,0,0,0
Aztreonam,1000,,,3,IVP,Vial (Powder),0,0,2,2,1,1,1,1,0,0,0,0,0,0,0,0,0,0,1,0,0,0,0,0,0,0,0,0
Aztreonam,1000,,,3,IVP,Vial (Solution),0,0,1,1,1,1,1,1,0,0,0,0,0,0,0,0,0,0,1,0,0,0,0,0,0,0,0,0
Aztreonam,2000,,,3,IVP,Vial (Solution),0,0,1,1,1,1,1,1,0,0,0,0,0,0,0,0,0,0,1,0,0,0,0,0,0,0,0,0
Aztreonam,2000,,,3,IVP,Vial (Powder),0,0,2,2,1,1,1,1,0,0,0,0,0,0,0,0,0,0,1,0,0,0,0,0,0,0,0,0
Cefazolin,1000,,,3,IV,Vial (Solution),0,0,1,1,1,1,1,1,0,1,0,0,0,0,0,0,0,1,1,0,0,0,0,0,0,0,0,0
Cefazolin,1000,,,3,IV,Vial (Powder),0,0,2,2,1,1,1,1,0,1,0,0,0,0,0,0,0,1,1,0,0,0,0,0,0,0,0,0
Cefazolin,2000,,,3,IV,Vial (Solution),0,0,1,1,1,1,1,1,0,1,0,0,0,0,0,0,0,1,1,0,0,0,0,0,0,0,0,0
Cefazolin,2000,,,3,IV,Vial (Powder),0,0,2,2,1,1,1,1,0,1,0,0,0,0,0,0,0,1,1,0,0,0,0,0,0,0,0,0
Cefazolin,1000,,,3,IVP,Vial (Solution),0,0,1,1,1,1,1,1,0,0,0,0,0,0,0,0,0,0,1,0,0,0,0,0,0,0,0,0
Cefazolin,1000,,,3,IVP,Vial (Powder),0,0,2,2,1,1,1,1,0,0,0,0,0,0,0,0,0,0,1,0,0,0,0,0,0,0,0,0
Cefazolin,2000,,,3,IVP,Vial (Solution),0,0,1,1,1,1,1,1,0,0,0,0,0,0,0,0,0,0,1,0,0,0,0,0,0,0,0,0
Cefazolin,2000,,,3,IVP,Vial (Powder),0,0,2,2,1,1,1,1,0,0,0,0,0,0,0,0,0,0,1,0,0,0,0,0,0,0,0,0
Cefazolin,1000,,,3,IV,Mini-bag (Powder),0,0,1,1,0,0,0,0,0,1,0,0,0,0,0,0,0,1,1,0,0,0,0,0,0,0,0,0
Cefazolin,2000,,,3,IV,Mini-bag (Powder),0,0,1,1,0,0,0,0,0,1,0,0,0,0,0,0,0,1,1,0,0,0,0,0,0,0,0,0
Cefazolin,1000,,,3,IV,Duplex (Solution),0,1,0,0,0,0,0,0,0,0,0,0,0,0,0,0,0,1,1,0,0,0,0,0,0,0,0,0
Cefazolin,2000,,,3,IV,Duplex (Solution),0,1,0,0,0,0,0,0,0,0,0,0,0,0,0,0,0,1,1,0,0,0,0,0,0,0,0,0
Cefdinir,300,,,2,PO,Capsule,0,0,0,0,0,0,0,0,0,0,0,0,0,0,0,0,0,0,0,1,,,1,1,1,0,0,0
Cefdinir,600,,,2,PO,Capsule,0,0,0,0,0,0,0,0,0,0,0,0,0,0,0,0,0,0,0,1,,,1,1,1,0,0,0
Cefdinir,300,,,2,PO,Suspension,0,0,0,0,0,0,0,0,0,0,0,0,0,0,0,0,0,0,0,0,,,1,1,0,1,1,0.06
Cefdnir ,600,,,2,PO,Suspension,0,0,0,0,0,0,0,0,0,0,0,0,0,0,0,0,0,0,0,0,,,1,1,0,1,1,0.12
Cefepime,1000,,,3,IV,Vial (Solution),0,0,1,1,1,1,1,1,0,1,0,0,0,0,0,0,0,1,1,0,0,0,0,0,0,0,0,0
Cefepime,1000,,,3,IV,Vial (Powder),0,0,2,2,1,1,1,1,0,1,0,0,0,0,0,0,0,1,1,0,0,0,0,0,0,0,0,0
Cefepime,2000,,,3,IV,Vial (Solution),0,0,1,1,1,1,1,1,0,1,0,0,0,0,0,0,0,1,1,0,0,0,0,0,0,0,0,0
Cefepime,2000,,,3,IV,Vial (Powder),0,0,2,2,1,1,1,1,0,1,0,0,0,0,0,0,0,1,1,0,0,0,0,0,0,0,0,0
Cefepime,1000,,,3,IVP,Vial (Solution),0,0,1,1,1,1,1,1,0,0,0,0,0,0,0,0,0,0,1,0,0,0,0,0,0,0,0,0
Cefepime,1000,,,3,IVP,Vial (Powder),0,0,2,2,1,1,1,1,0,0,0,0,0,0,0,0,0,0,1,0,0,0,0,0,0,0,0,0
Cefepime,2000,,,3,IVP,Vial (Solution),0,0,1,1,1,1,1,1,0,0,0,0,0,0,0,0,0,0,1,0,0,0,0,0,0,0,0,0
Cefepime,2000,,,3,IVP,Vial (Powder),0,0,2,2,1,1,1,1,0,0,0,0,0,0,0,0,0,0,1,0,0,0,0,0,0,0,0,0
Cefepime,1000,,,3,IV,Mini-bag (Powder),0,0,1,1,0,0,0,0,0,1,0,0,0,0,0,0,0,1,1,0,0,0,0,0,0,0,0,0
Cefepime,2000,,,3,IV,Mini-bag (Powder),0,0,1,1,0,0,0,0,0,1,0,0,0,0,0,0,0,1,1,0,0,0,0,0,0,0,0,0
Cefepime,1000,,,3,IV,Duplex (Solution),0,1,0,0,0,0,0,0,0,0,0,0,0,0,0,0,0,1,1,0,0,0,0,0,0,0,0,0
Cefepime,2000,,,3,IV,Duplex (Solution),0,1,0,0,0,0,0,0,0,0,0,0,0,0,0,0,0,1,1,0,0,0,0,0,0,0,0,0
Cefotetan,1000,,,2,IV,Mini-bag (Powder),0,0,1,1,0,0,0,0,0,1,0,0,0,0,0,0,0,1,1,0,0,0,0,0,0,0,0,0
Cefotetan,2000,,,2,IV,Mini-bag (Powder),0,0,1,1,0,0,0,0,0,1,0,0,0,0,0,0,0,1,1,0,0,0,0,0,0,0,0,0
Cefoxitin,1000,,,4,IV,Mini-bag (Powder),0,0,1,1,0,0,0,0,0,1,0,0,0,0,0,0,0,1,1,0,0,0,0,0,0,0,0,0
Cefoxitin,2000,,,4,IV,Mini-bag (Powder),0,0,1,1,0,0,0,0,0,1,0,0,0,0,0,0,0,1,1,0,0,0,0,0,0,0,0,0
Ceftaroline,200,,,3,IV,Vial (Powder),0,0,2,2,1,1,1,1,0,0,1,0,0,0,0,0,0,1,1,0,0,0,0,0,0,0,0,0
Ceftaroline,400,,,3,IV,Vial (Powder),0,0,2,2,1,1,1,1,0,0,1,0,0,0,0,0,0,1,1,0,0,0,0,0,0,0,0,0
Ceftaroline,600,,,3,IV,Vial (Powder),0,0,2,2,1,1,1,1,0,0,1,0,0,0,0,0,0,1,1,0,0,0,0,0,0,0,0,0
Ceftaroline,200,,,3,IVP,Vial (Powder),0,0,2,2,1,1,1,1,0,0,0,0,0,0,0,0,0,0,1,0,0,0,0,0,0,0,0,0
Ceftaroline,400,,,3,IVP,Vial (Powder),0,0,2,2,1,1,1,1,0,0,0,0,0,0,0,0,0,0,1,0,0,0,0,0,0,0,0,0
Ceftaroline,600,,,3,IVP,Vial (Powder),0,0,2,2,1,1,1,1,0,0,0,0,0,0,0,0,0,0,1,0,0,0,0,0,0,0,0,0
Ceftaroline,400,,,2,IV,Mini-bag (Powder),0,0,1,1,0,0,0,0,0,0,1,0,0,0,0,0,0,1,1,0,0,0,0,0,0,0,0,0
Ceftaroline,600,,,2,IV,Mini-bag (Powder),0,0,1,1,0,0,0,0,0,0,1,0,0,0,0,0,0,1,1,0,0,0,0,0,0,0,0,0
Ceftazidime,1000,,,3,IV,Vial (Solution),0,0,1,1,1,1,1,1,0,1,0,0,0,0,0,0,0,1,1,0,0,0,0,0,0,0,0,0
Ceftazidime,1000,,,3,IV,Vial (Powder),0,0,2,2,1,1,1,1,0,1,0,0,0,0,0,0,0,1,1,0,0,0,0,0,0,0,0,0
Ceftazidime,2000,,,3,IV,Vial (Solution),0,0,1,1,1,1,1,1,0,1,0,0,0,0,0,0,0,1,1,0,0,0,0,0,0,0,0,0
Ceftazidime,2000,,,3,IV,Vial (Powder),0,0,2,2,1,1,1,1,0,1,0,0,0,0,0,0,0,1,1,0,0,0,0,0,0,0,0,0
Ceftazidime,1000,,,3,IVP,Vial (Solution),0,0,1,1,1,1,1,1,0,0,0,0,0,0,0,0,0,0,1,0,0,0,0,0,0,0,0,0
Ceftazidime,1000,,,3,IVP,Vial (Powder),0,0,2,2,1,1,1,1,0,0,0,0,0,0,0,0,0,0,1,0,0,0,0,0,0,0,0,0
Ceftazidime,2000,,,3,IVP,Vial (Solution),0,0,1,1,1,1,1,1,0,0,0,0,0,0,0,0,0,0,1,0,0,0,0,0,0,0,0,0
Ceftazidime,2000,,,3,IVP,Vial (Powder),0,0,2,2,1,1,1,1,0,0,0,0,0,0,0,0,0,0,1,0,0,0,0,0,0,0,0,0
Ceftazidime,1000,,,3,IV,Mini-bag (Powder),0,0,1,1,0,0,0,0,0,1,0,0,0,0,0,0,0,1,1,0,0,0,0,0,0,0,0,0
Ceftazidime,2000,,,3,IV,Mini-bag (Powder),0,0,1,1,0,0,0,0,0,1,0,0,0,0,0,0,0,1,1,0,0,0,0,0,0,0,0,0
Ceftazidime-avibactam,940,,,3,IV,Vial (Powder),0,0,2,2,1,1,1,1,0,1,0,0,0,0,0,0,0,1,1,0,0,0,0,0,0,0,0,0
Ceftazidime-avibactam,1250,,,3,IV,Vial (Powder),0,0,2,2,1,1,1,1,0,1,0,0,0,0,0,0,0,1,1,0,0,0,0,0,0,0,0,0
Ceftazidime-avibactam,2500,,,3,IV,Vial (Powder),0,0,2,2,1,1,1,1,0,1,0,0,0,0,0,0,0,1,1,0,0,0,0,0,0,0,0,0
Ceftazidime-avibactam,2500,,,3,IV,Mini-bag (Powder),0,0,1,1,0,0,0,0,0,1,0,0,0,0,0,0,0,1,1,0,0,0,0,0,0,0,0,0
Ceftolozane-tazobactam,1500,,,3,IV,Vial (Powder),0,0,2,2,1,1,1,1,0,0,1,0,0,0,0,0,0,1,1,0,0,0,0,0,0,0,0,0
Ceftolozane-tazobactam,3000,,,3,IV,Vial (Powder),0,0,3,3,1,1,1,1,0,0,1,0,0,0,0,0,0,1,1,0,0,0,0,0,0,0,0,0
Ceftolozane-tazobactam,1500,,,3,IV,Mini-bag (Powder),0,0,1,1,0,0,0,0,0,0,1,0,0,0,0,0,0,1,1,0,0,0,0,0,0,0,0,0
Ceftolozane-tazobactam,3000,,,3,IV,Mini-bag (Powder),0,0,2,2,0,0,0,0,0,0,2,0,0,0,0,0,0,1,1,0,0,0,0,0,0,0,0,0
Ceftriaxone,250,,,1,IM,Vial (Powder),0,0,2,2,1,1,1,1,0,0,0,0,0,0,0,0,0,0,0,0,0,0,0,0,0,0,0,0
Ceftriaxone,250,,,1,IM,Vial (Solution),0,0,1,1,1,1,1,1,0,0,0,0,0,0,0,0,0,0,0,0,0,0,0,0,0,0,0,0
Ceftriaxone,500,,,1,IM,Vial (Powder),0,0,2,2,1,1,1,1,0,0,0,0,0,0,0,0,0,0,0,0,0,0,0,0,0,0,0,0
Ceftriaxone,500,,,1,IM,Vial (Solution),0,0,1,1,1,1,1,1,0,0,0,0,0,0,0,0,0,0,0,0,0,0,0,0,0,0,0,0
Ceftriaxone,1000,,,1,IV,Vial (Solution),0,0,1,1,1,1,1,1,0,1,0,0,0,0,0,0,0,1,1,0,0,0,0,0,0,0,0,0
Ceftriaxone,1000,,,1,IV,Vial (Powder),0,0,2,2,1,1,1,1,0,1,0,0,0,0,0,0,0,1,1,0,0,0,0,0,0,0,0,0
Ceftriaxone,2000,,,1,IV,Vial (Solution),0,0,1,1,1,1,1,1,0,1,0,0,0,0,0,0,0,1,1,0,0,0,0,0,0,0,0,0
Ceftriaxone,2000,,,1,IV,Vial (Powder),0,0,2,2,1,1,1,1,0,1,0,0,0,0,0,0,0,1,1,0,0,0,0,0,0,0,0,0
Ceftriaxone,1000,,,1,IVP,Vial (Solution),0,0,1,1,1,1,1,1,0,0,0,0,0,0,0,0,0,0,1,0,0,0,0,0,0,0,0,0
Ceftriaxone,1000,,,1,IVP,Vial (Powder),0,0,2,2,1,1,1,1,0,0,0,0,0,0,0,0,0,0,1,0,0,0,0,0,0,0,0,0
Ceftriaxone,2000,,,1,IVP,Vial (Solution),0,0,1,1,1,1,1,1,0,0,0,0,0,0,0,0,0,0,1,0,0,0,0,0,0,0,0,0
Ceftriaxone,2000,,,1,IVP,Vial (Powder),0,0,2,2,1,1,1,1,0,0,0,0,0,0,0,0,0,0,1,0,0,0,0,0,0,0,0,0
Ceftriaxone,1000,,,1,IV,Mini-bag (Powder),0,0,1,1,0,0,0,0,0,1,0,0,0,0,0,0,0,1,1,0,0,0,0,0,0,0,0,0
Ceftriaxone,2000,,,1,IV,Mini-bag (Powder),0,0,1,1,0,0,0,0,0,1,0,0,0,0,0,0,0,1,1,0,0,0,0,0,0,0,0,0
Ceftriaxone,1000,,,1,IV,Duplex (Solution),0,1,0,0,0,0,0,0,0,0,0,0,0,0,0,0,0,1,1,0,0,0,0,0,0,0,0,0
Ceftriaxone,2000,,,1,IV,Duplex (Solution),0,1,0,0,0,0,0,0,0,0,0,0,0,0,0,0,0,1,1,0,0,0,0,0,0,0,0,0
Cefuroxime,750,,,1,IVP,Vial (Powder),0,0,2,2,1,1,1,1,0,0,0,0,0,0,0,0,0,0,1,0,0,0,0,0,0,0,0,0
Cefuroxime,1500,,,3,IVP,Vial (Powder),0,0,2,2,1,1,1,1,0,0,0,0,0,0,0,0,0,0,1,0,0,0,0,0,0,0,0,0
Cefuroxime,750,,,1,IV,Vial (Powder),0,0,2,2,1,1,1,1,0,1,0,0,0,0,0,0,0,1,1,0,0,0,0,0,0,0,0,0
Cefuroxime,1500,,,3,IV,Vial (Powder),0,0,2,2,1,1,1,1,0,1,0,0,0,0,0,0,0,1,1,0,0,0,0,0,0,0,0,0
Cephalexin,250,,,4,PO,Capsule,0,0,0,0,0,0,0,0,0,0,0,0,0,0,0,0,0,0,0,1,,,1,1,1,0,0,0
Cephalexin,500,,,2,PO,Capsule,0,0,0,0,0,0,0,0,0,0,0,0,0,0,0,0,0,0,0,1,,,1,1,1,0,0,0
Cephalexin,750,,,2,PO,Capsule,0,0,0,0,0,0,0,0,0,0,0,0,0,0,0,0,0,0,0,1,,,1,1,1,0,0,0
Cephalexin,1000,,,2,PO,Capsule,0,0,0,0,0,0,0,0,0,0,0,0,0,0,0,0,0,0,0,1,,,1,1,1,0,0,0
Cephalexin,250,,,4,PO,Suspension,0,0,0,0,0,0,0,0,0,0,0,0,0,0,0,0,0,0,0,0,,,1,1,0,1,1,0.05
Cephalexin,500,,,4,PO,Suspension,0,0,0,0,0,0,0,0,0,0,0,0,0,0,0,0,0,0,0,0,,,1,1,0,1,1,0.1
Cephalexin,1000,,,4,PO,Suspension,0,0,0,0,0,0,0,0,0,0,0,0,0,0,0,0,0,0,0,0,,,1,1,0,1,1,0.2
Cephalexin,250,,,4,PO,Tablet,0,0,0,0,0,0,0,0,0,0,0,0,0,0,0,0,0,0,0,1,,,1,1,1,0,0,0
Cephalexin,500,,,2,PO,Tablet,0,0,0,0,0,0,0,0,0,0,0,0,0,0,0,0,0,0,0,1,,,1,1,1,0,0,0
Cephalexin,1000,,,2,PO,Tablet,0,0,0,0,0,0,0,0,0,0,0,0,0,0,0,0,0,0,0,1,,,1,1,1,0,0,0
Ciprofloxacin,200,,,3,IV,Vial (Solution),0,0,1,1,1,1,1,1,0,0,1,0,0,0,0,0,0,1,1,0,0,0,0,0,0,0,0,0
Ciprofloxacin,200,,,3,IV,Vial (Powder),0,0,2,2,1,1,1,1,0,0,1,0,0,0,0,0,0,1,1,0,0,0,0,0,0,0,0,0
Ciprofloxacin,400,,,3,IV,Vial (Solution),0,0,1,1,1,1,1,1,0,0,0,0,0,1,0,0,0,1,1,0,0,0,0,0,0,0,0,0
Ciprofloxacin,400,,,3,IV,Vial (Powder),0,0,2,2,1,1,1,1,0,0,0,0,0,1,0,0,0,1,1,0,0,0,0,0,0,0,0,0
Ciprofloxacin,200,,,2,IV,Premix (Solution),1,0,0,0,0,0,0,0,0,0,1,0,0,0,0,0,0,1,1,0,0,0,0,0,0,0,0,0
Ciprofloxacin,400,,,2,IV,Premix (Solution),1,0,0,0,0,0,0,0,0,0,0,0,1,0,0,0,0,1,1,0,0,0,0,0,0,0,0,0
Ciprofloxacin,250,,,2,PO,Suspension,0,0,0,0,0,0,0,0,0,0,0,0,0,0,0,0,0,0,0,0,,,1,1,0,1,1,0.025
Ciprofloxacin,500,,,2,PO,Suspension,0,0,0,0,0,0,0,0,0,0,0,0,0,0,0,0,0,0,0,0,,,1,1,0,1,1,0.05
Ciprofloxacin,750,,,2,PO,Suspension,0,0,0,0,0,0,0,0,0,0,0,0,0,0,0,0,0,0,0,0,,,1,1,0,1,1,0.075
Ciprofloxacin,250,,,2,PO,Tablet,0,0,0,0,0,0,0,0,0,0,0,0,0,0,0,0,0,0,0,1,,,1,1,1,0,0,0
Ciprofloxacin,500,,,2,PO,Tablet,0,0,0,0,0,0,0,0,0,0,0,0,0,0,0,0,0,0,0,1,,,1,1,1,0,0,0
Ciprofloxacin,750,,,2,PO,Tablet,0,0,0,0,0,0,0,0,0,0,0,0,0,0,0,0,0,0,0,1,,,1,1,1,0,0,0
Clindamycin,600,,,3,IV,Vial (Solution),0,0,1,1,1,1,1,1,0,1,0,0,0,0,0,0,0,1,1,0,0,0,0,0,0,0,0,0
Clindamycin,900,,,3,IV,Vial (Solution),0,0,1,1,1,1,1,1,0,1,0,0,0,0,0,0,0,1,1,0,0,0,0,0,0,0,0,0
Clindamycin,600,,,3,IV,Premix (Solution),1,0,0,0,0,0,0,0,0,1,0,0,0,0,0,0,0,1,1,0,0,0,0,0,0,0,0,0
Clindamycin,900,,,3,IV,Premix (Solution),1,0,0,0,0,0,0,0,0,1,0,0,0,0,0,0,0,1,1,0,0,0,0,0,0,0,0,0
Clindamycin,75,,,4,PO,Capsule,0,0,0,0,0,0,0,0,0,0,0,0,0,0,0,0,0,0,0,1,,,1,1,1,0,0,0
Clindamycin,150,,,4,PO,Capsule,0,0,0,0,0,0,0,0,0,0,0,0,0,0,0,0,0,0,0,1,,,1,1,1,0,0,0
Clindamycin,300,,,4,PO,Capsule,0,0,0,0,0,0,0,0,0,0,0,0,0,0,0,0,0,0,0,1,,,1,1,1,0,0,0
Clindamycin,150,,,4,PO,Suspension,0,0,0,0,0,0,0,0,0,0,0,0,0,0,0,0,0,0,0,0,,,1,1,0,1,1,0.1
Clindamycin,300,,,4,PO,Suspension,0,0,0,0,0,0,0,0,0,0,0,0,0,0,0,0,0,0,0,0,,,1,1,0,1,1,0.2
Daptomycin,,1,500,1,IV,Vial (Powder),0,0,2,2,1,1,1,1,0,1,0,0,0,0,0,0,0,1,1,0,0,0,0,0,0,0,0,0
Daptomycin,,501,1000,1,IV,Vial (Powder),0,0,3,3,1,1,1,1,0,1,0,0,0,0,0,0,0,1,1,0,0,0,0,0,0,0,0,0
Daptomycin,,1001,1500,1,IV,Vial (Powder),0,0,4,4,1,1,1,1,0,1,0,0,0,0,0,0,0,1,1,0,0,0,0,0,0,0,0,0
Doxycycline,100,,,2,IV,Vial (Solution),0,0,1,1,1,1,1,1,0,0,1,0,0,0,0,0,0,1,1,0,0,0,0,0,0,0,0,0
Doxycycline,100,,,2,IV,Mini-bag (Powder),0,0,1,1,0,0,0,0,0,0,1,0,0,0,0,0,0,1,1,0,0,0,0,0,0,0,0,0
Doxycycline Hyclate,40,,,1,PO,Capsule,0,0,0,0,0,0,0,0,0,0,0,0,0,0,0,0,0,0,0,1,,,1,1,1,0,0,0
Doxycycline Hyclate,50,,,4,PO,Capsule,0,0,0,0,0,0,0,0,0,0,0,0,0,0,0,0,0,0,0,1,,,1,1,1,0,0,0
Doxycycline Hyclate,100,,,2,PO,Capsule,0,0,0,0,0,0,0,0,0,0,0,0,0,0,0,0,0,0,0,1,,,1,1,1,0,0,0
Doxycycline Hyclate,75,,,,PO,Tablet,0,0,0,0,0,0,0,0,0,0,0,0,0,0,0,0,0,0,0,1,,,1,1,1,0,0,0
Doxycycline Hyclate,150,,,,PO,Tablet,0,0,0,0,0,0,0,0,0,0,0,0,0,0,0,0,0,0,0,1,,,1,1,1,0,0,0
Doxycycline Hyclate,50,,,4,PO,Tablet,0,0,0,0,0,0,0,0,0,0,0,0,0,0,0,0,0,0,0,1,,,1,1,1,0,0,0
Doxycycline Hyclate,200,,,,PO,Tablet,0,0,0,0,0,0,0,0,0,0,0,0,0,0,0,0,0,0,0,1,,,1,1,1,0,0,0
Doxycycline Monohydrate,50,,,4,PO,Tablet,0,0,0,0,0,0,0,0,0,0,0,0,0,0,0,0,0,0,0,1,,,1,1,1,0,0,0
Doxycycline Monohydrate,75,,,,PO,Tablet,0,0,0,0,0,0,0,0,0,0,0,0,0,0,0,0,0,0,0,1,,,1,1,1,0,0,0
Doxycycline Monohydrate,100,,,2,PO,Tablet,0,0,0,0,0,0,0,0,0,0,0,0,0,0,0,0,0,0,0,1,,,1,1,1,0,0,0
Doxycycline Monohydrate,150,,,,PO,Tablet,0,0,0,0,0,0,0,0,0,0,0,0,0,0,0,0,0,0,0,1,,,1,1,1,0,0,0
Doxycycline Monohydrate,50,,,4,PO,Capsule,0,0,0,0,0,0,0,0,0,0,0,0,0,0,0,0,0,0,0,1,,,1,1,1,0,0,0
Doxycycline Monohydrate,75,,,,PO,Capsule,0,0,0,0,0,0,0,0,0,0,0,0,0,0,0,0,0,0,0,1,,,1,1,1,0,0,0
Doxycycline Monohydrate,100,,,2,PO,Capsule,0,0,0,0,0,0,0,0,0,0,0,0,0,0,0,0,0,0,0,1,,,1,1,1,0,0,0
Doxycycline Monohydrate,150,,,,PO,Capsule,0,0,0,0,0,0,0,0,0,0,0,0,0,0,0,0,0,0,0,1,,,1,1,1,0,0,0
Doxycycline Monohydrate,50,,,2,PO,Suspension,0,0,0,0,0,0,0,0,0,0,0,0,0,0,0,0,0,0,0,0,,,1,1,0,1,1,0.16666666666666666
Doxycycline Monohydrate,100,,,2,PO,Suspension,0,0,0,0,0,0,0,0,0,0,0,0,0,0,0,0,0,0,0,0,,,1,1,0,1,1,0.3333333333333333
Doxycycline Monohydrate,150,,,2,PO,Suspension,0,0,0,0,0,0,0,0,0,0,0,0,0,0,0,0,0,0,0,0,,,1,1,0,1,1,0.5
Ertapenem,500,,,1,IV,Vial (Solution),0,0,1,1,1,1,1,1,0,1,0,0,0,0,0,0,0,1,1,0,0,0,0,0,0,0,0,0
Ertapenem,500,,,1,IV,Vial (Powder),0,0,2,2,1,1,1,1,0,1,0,0,0,0,0,0,0,1,1,0,0,0,0,0,0,0,0,0
Ertapenem,1000,,,1,IV,Vial (Solution),0,0,1,1,1,1,1,1,0,1,0,0,0,0,0,0,0,1,1,0,0,0,0,0,0,0,0,0
Ertapenem,1000,,,1,IV,Vial (Powder),0,0,2,2,1,1,1,1,0,1,0,0,0,0,0,0,0,1,1,0,0,0,0,0,0,0,0,0
Ertapenem,500,,,1,IVP,Vial (Solution),0,0,1,1,1,1,1,1,0,0,0,0,0,0,0,0,0,0,1,0,0,0,0,0,0,0,0,0
Ertapenem,500,,,1,IVP,Vial (Powder),0,0,2,2,1,1,1,1,0,0,0,0,0,0,0,0,0,0,1,0,0,0,0,0,0,0,0,0
Ertapenem,1000,,,1,IVP,Vial (Solution),0,0,1,1,1,1,1,1,0,0,0,0,0,0,0,0,0,0,1,0,0,0,0,0,0,0,0,0
Ertapenem,1000,,,1,IVP,Vial (Powder),0,0,2,2,1,1,1,1,0,0,0,0,0,0,0,0,0,0,1,0,0,0,0,0,0,0,0,0
Ertapenem,1000,,,1,IV,Mini-bag (Powder),0,0,1,1,0,0,0,0,0,1,0,0,0,0,0,0,0,1,1,0,0,0,0,0,0,0,0,0
Erythromycin,500,,,4,IV,Vial (Powder),0,0,2,2,1,1,1,1,0,0,1,0,0,0,0,0,0,1,1,0,0,0,0,0,0,0,0,0
Ethambutol,100,,,1,PO,Tablet ,0,0,0,0,0,0,0,0,0,0,0,0,0,0,0,0,0,0,0,1,,,1,1,1,0,0,0
Ethambutol,400,,,1,PO,Tablet,0,0,0,0,0,0,0,0,0,0,0,0,0,0,0,0,0,0,0,1,,,1,1,1,0,0,0
Fluconazole,100,,,1,IV,Premix (Solution),1,0,0,0,0,0,0,0,0,1,0,0,0,0,0,0,0,1,1,0,0,0,0,0,0,0,0,0
Fluconazole,200,,,1,IV,Premix (Solution),1,0,0,0,0,0,0,0,0,0,1,0,0,0,0,0,0,1,1,0,0,0,0,0,0,0,0,0
Fluconazole,400,,,1,IV,Premix (Solution),1,0,0,0,0,0,0,0,0,0,0,0,1,0,0,0,0,1,1,0,0,0,0,0,0,0,0,0
Fluconazole,50,,,1,PO,Suspension,0,0,0,0,0,0,0,0,0,0,0,0,0,0,0,0,0,0,0,0,,,1,1,0,1,1,0.03571428571428571
Fluconazole,100,,,1,PO,Suspension,0,0,0,0,0,0,0,0,0,0,0,0,0,0,0,0,0,0,0,0,,,1,1,0,1,1,0.07142857142857142
Fluconazole,150,,,1,PO,Suspension,0,0,0,0,0,0,0,0,0,0,0,0,0,0,0,0,0,0,0,0,,,1,1,0,1,1,0.10714285714285714
Fluconazole,200,,,1,PO,Suspension,0,0,0,0,0,0,0,0,0,0,0,0,0,0,0,0,0,0,0,0,,,1,1,0,1,1,0.14285714285714285
Fluconazole,50,,,1,PO,Tablet,0,0,0,0,0,0,0,0,0,0,0,0,0,0,0,0,0,0,0,1,,,1,1,1,0,0,0
Fluconazole,100,,,1,PO,Tablet,0,0,0,0,0,0,0,0,0,0,0,0,0,0,0,0,0,0,0,1,,,1,1,1,0,0,0
Fluconazole,150,,,1,PO,Tablet,0,0,0,0,0,0,0,0,0,0,0,0,0,0,0,0,0,0,0,1,,,1,1,1,0,0,0
Fluconazole,200,,,1,PO,Tablet,0,0,0,0,0,0,0,0,0,0,0,0,0,0,0,0,0,0,0,1,,,1,1,1,0,0,0
Ganciclovir,,1,500,2,IV,Vial (Solution),0,0,1,1,1,1,1,1,0,0,1,0,0,0,0,0,0,1,1,0,0,0,0,0,0,0,0,0
Ganciclovir,,1,500,2,IV,Vial (Powder),0,0,2,2,1,1,1,1,0,0,1,0,0,0,0,0,0,1,1,0,0,0,0,0,0,0,0,0
Ganciclovir,,501,1000,2,IV,Vial (Solution),0,0,2,2,1,1,1,1,0,0,1,0,0,0,0,0,0,1,1,0,0,0,0,0,0,0,0,0
Ganciclovir,,501,1000,2,IV,Vial (Powder),0,0,3,3,1,1,1,1,0,0,1,0,0,0,0,0,0,1,1,0,0,0,0,0,0,0,0,0
Gentamicin,,1,80,3,IV,Vial (Solution),0,0,1,1,1,1,1,1,0,1,0,0,0,0,0,0,0,1,1,0,0,0,0,0,0,0,0,0
Gentamicin,,81,800,3,IV,Vial (Solution),0,0,1,1,1,1,1,1,0,0,1,0,0,0,0,0,0,1,1,0,0,0,0,0,0,0,0,0
Gentamicin,60,,,3,IV,Premix (Solution),0,0,0,0,0,0,0,0,0,0,1,0,0,0,0,0,0,1,1,0,0,0,0,0,0,0,0,0
Gentamicin,80,,,3,IV,Premix (Solution),0,0,0,0,0,0,0,0,0,0,1,0,0,0,0,0,0,1,1,0,0,0,0,0,0,0,0,0
Gentamicin,100,,,3,IV,Premix (Solution),0,0,0,0,0,0,0,0,0,0,1,0,0,0,0,0,0,1,1,0,0,0,0,0,0,0,0,0
Gentamicin,120,,,3,IV,Premix (Solution),0,0,0,0,0,0,0,0,0,0,1,0,0,0,0,0,0,1,1,0,0,0,0,0,0,0,0,0
Imipenem-cilastatin,1000,,,4,IV,Mini-bag (Powder),0,0,1,1,0,0,0,0,0,0,1,0,0,0,0,0,0,1,1,0,0,0,0,0,0,0,0,0
Isavuconazole,74.5,,,1,PO,Capsule,0,0,0,0,0,0,0,0,0,0,0,0,0,0,0,0,0,0,0,1,,,1,1,1,0,0,0
Isavuconazole,186,,,1,PO,Capsule,0,0,0,0,0,0,0,0,0,0,0,0,0,0,0,0,0,0,0,1,,,1,1,1,0,0,0
Itraconazole,100,,,1,PO,Capsule,0,0,0,0,0,0,0,0,0,0,0,0,0,0,0,0,0,0,0,1,,,1,1,1,0,0,0
Itraconazole,200,,,1,PO,Capsule,0,0,0,0,0,0,0,0,0,0,0,0,0,0,0,0,0,0,0,1,,,1,1,1,0,0,0
Itraconazole,100,,,1,PO,Oral Solution,0,0,0,0,0,0,0,0,0,0,0,0,0,0,0,0,0,0,0,0,,,1,1,0,1,1,0.06666666666666667
Itraconazole,200,,,1,PO,Oral Solution,0,0,0,0,0,0,0,0,0,0,0,0,0,0,0,0,0,0,0,0,,,1,1,0,1,1,0.13333333333333333
Levofloxacin,250,,,1,IV,Premix (Solution),1,0,0,0,0,0,0,0,0,1,0,0,0,0,0,0,0,1,1,0,0,0,0,0,0,0,0,0
Levofloxacin,750,,,1,IV,Premix (Solution),1,0,0,0,0,0,0,0,0,0,1,0,0,0,0,0,0,1,1,0,0,0,0,0,0,0,0,0
Levofloxacin,500,,,1,IV,Premix (Solution),1,0,0,0,0,0,0,0,0,0,0,1,0,0,0,0,0,1,1,0,0,0,0,0,0,0,0,0
Levofloxacin,250,,,1,PO,Oral Solution,0,0,0,0,0,0,0,0,0,0,0,0,0,0,0,0,0,0,0,0,,,1,1,0,1,1,0.1
Levofloxacin,500,,,1,PO,Oral Solution,0,0,0,0,0,0,0,0,0,0,0,0,0,0,0,0,0,0,0,0,,,1,1,0,1,1,0.2
Levofloxacin,750,,,1,PO,Oral Solution,0,0,0,0,0,0,0,0,0,0,0,0,0,0,0,0,0,0,0,0,,,1,1,0,1,1,0.3
Levofloxacin,250,,,1,PO,Tablet,0,0,0,0,0,0,0,0,0,0,0,0,0,0,0,0,0,0,0,1,,,1,1,1,0,0,0
Levofloxacin,500,,,1,PO,Tablet,0,0,0,0,0,0,0,0,0,0,0,0,0,0,0,0,0,0,0,1,,,1,1,1,0,0,0
Levofloxacin,750,,,1,PO,Tablet,0,0,0,0,0,0,0,0,0,0,0,0,0,0,0,0,0,0,0,1,,,1,1,1,0,0,0
Linezolid,600,,,2,IV,Premix (Solution),1,0,0,0,0,0,0,0,0,0,0,0,0,0,1,0,0,1,1,0,0,0,0,0,0,0,0,0
Linezolid,600,,,2,PO,Suspension,0,0,0,0,0,0,0,0,0,0,0,0,0,0,0,0,0,0,0,0,,,1,1,0,1,1,0.2
Linezolid,600,,,2,PO,Tablet,0,0,0,0,0,0,0,0,0,0,0,0,0,0,0,0,0,0,0,1,,,1,1,1,0,0,0
Meropenem,500,,,3,IV,Vial (Solution),0,0,1,1,1,1,1,1,0,1,0,0,0,0,0,0,0,1,1,0,0,0,0,0,0,0,0,0
Meropenem,500,,,3,IV,Vial (Powder),0,0,2,2,1,1,1,1,0,1,0,0,0,0,0,0,0,1,1,0,0,0,0,0,0,0,0,0
Meropenem,1000,,,3,IV,Vial (Solution),0,0,1,1,1,1,1,1,0,1,0,0,0,0,0,0,0,1,1,0,0,0,0,0,0,0,0,0
Meropenem,1000,,,3,IV,Vial (Powder),0,0,2,2,1,1,1,1,0,1,0,0,0,0,0,0,0,1,1,0,0,0,0,0,0,0,0,0
Meropenem,2000,,,3,IV,Vial (Solution),0,0,1,1,1,1,1,1,0,0,1,0,0,0,0,0,0,1,1,0,0,0,0,0,0,0,0,0
Meropenem,2000,,,3,IV,Vial (Powder),0,0,2,2,1,1,1,1,0,0,1,0,0,0,0,0,0,1,1,0,0,0,0,0,0,0,0,0
Meropenem,500,,,3,IVP,Vial (Solution),0,0,1,1,1,1,1,1,0,0,0,0,0,0,0,0,0,0,1,0,0,0,0,0,0,0,0,0
Meropenem,500,,,3,IVP,Vial (Powder),0,0,2,2,1,1,1,1,0,0,0,0,0,0,0,0,0,0,1,0,0,0,0,0,0,0,0,0
Meropenem,1000,,,3,IVP,Vial (Solution),0,0,1,1,1,1,1,1,0,0,0,0,0,0,0,0,0,0,1,0,0,0,0,0,0,0,0,0
Meropenem,1000,,,3,IVP,Vial (Powder),0,0,2,2,1,1,1,1,0,0,0,0,0,0,0,0,0,0,1,0,0,0,0,0,0,0,0,0
Meropenem,2000,,,3,IVP,Vial (Solution),0,0,1,1,1,1,1,1,0,0,0,0,0,0,0,0,0,0,1,0,0,0,0,0,0,0,0,0
Meropenem,2000,,,3,IVP,Vial (Powder),0,0,2,2,1,1,1,1,0,0,0,0,0,0,0,0,0,0,1,0,0,0,0,0,0,0,0,0
Meropenem,500,,,3,IV,Mini-bag (Powder),0,0,1,1,0,0,0,0,0,1,0,0,0,0,0,0,0,1,1,0,0,0,0,0,0,0,0,0
Meropenem,1000,,,3,IV,Mini-bag (Powder),0,0,1,1,0,0,0,0,0,1,0,0,0,0,0,0,0,1,1,0,0,0,0,0,0,0,0,0
Meropenem,2000,,,3,IV,Mini-bag (Powder),0,0,1,1,0,0,0,0,0,0,1,0,0,0,0,0,0,1,1,0,0,0,0,0,0,0,0,0
Meropenem,500,,,4,IV,Duplex (Solution),0,1,0,0,0,0,0,0,0,0,0,0,0,0,0,0,0,1,1,0,0,0,0,0,0,0,0,0
Meropenem,1000,,,3,IV,Duplex (Solution),0,1,0,0,0,0,0,0,0,0,0,0,0,0,0,0,0,1,1,0,0,0,0,0,0,0,0,0
Meropenem-vaborbactam,2000,,,3,IV,Vial (Powder),0,0,2,2,1,1,1,1,0,0,0,0,0,1,0,0,0,1,1,0,0,0,0,0,0,0,0,0
Meropenem-vaborbactam,4000,,,3,IV,Vial (Powder),0,0,3,3,1,1,1,1,0,0,0,0,0,1,0,0,0,1,1,0,0,0,0,0,0,0,0,0
Metronidazole,500,,,,IV,Premix (Solution),0,0,0,0,0,0,0,0,0,0,1,0,0,0,0,0,0,1,1,0,,,0,0,0,0,0,0
Metronidazole,250,,,,PO,Tablet,0,0,0,0,0,0,0,0,0,0,0,0,0,0,0,0,0,0,0,1,,,1,1,1,0,0,0
Metronidazole,500,,,,PO,Tablet,0,0,0,0,0,0,0,0,0,0,0,0,0,0,0,0,0,0,0,1,,,1,1,1,0,0,0
Micafungin,50,,,1,IV,Vial (Solution),0,0,1,1,1,1,1,1,0,0,1,0,0,0,0,0,0,1,1,0,0,0,0,0,0,0,0,0
Micafungin,50,,,1,IV,Vial (Powder),0,0,2,2,1,1,1,1,0,0,1,0,0,0,0,0,0,1,1,0,0,0,0,0,0,0,0,0
Micafungin,100,,,1,IV,Vial (Solution),0,0,1,1,1,1,1,1,0,0,1,0,0,0,0,0,0,1,1,0,0,0,0,0,0,0,0,0
Micafungin,100,,,1,IV,Vial (Powder),0,0,2,2,1,1,1,1,0,0,1,0,0,0,0,0,0,1,1,0,0,0,0,0,0,0,0,0
Micafungin,50,,,1,IV,Mini-bag (Powder),0,0,1,1,0,0,0,0,0,1,0,0,0,0,0,0,0,1,1,0,0,0,0,0,0,0,0,0
Micafungin,100,,,1,IV,Mini-bag (Powder),0,0,1,1,0,0,0,0,0,1,0,0,0,0,0,0,0,1,1,0,0,0,0,0,0,0,0,0
Moxifloxacin,400,,,1,PO,Tablet,0,0,0,0,0,0,0,0,0,0,0,0,0,0,0,0,0,0,0,1,,,1,1,1,0,0,0
Oritavancin,1200,,,1,IV,Vial (Powder),0,0,4,4,1,1,1,1,0,0,0,0,0,0,0,0,1,1,1,0,0,0,0,0,0,0,0,0
Oritavancin (Kimyrsa),1200,,,1,IV,Vial (Powder),0,0,2,2,1,1,1,1,0,0,0,0,0,1,0,0,0,1,1,0,0,0,0,0,0,0,0,0
Oxacillin,1000,,,6,IV,Vial (Solution),0,0,1,1,1,1,1,1,0,1,0,0,0,0,0,0,0,1,1,0,0,0,0,0,0,0,0,0
Oxacillin,1000,,,6,IV,Vial (Powder),0,0,2,2,1,1,1,1,0,1,0,0,0,0,0,0,0,1,1,0,0,0,0,0,0,0,0,0
Oxacillin,2000,,,6,IV,Vial (Solution),0,0,1,1,1,1,1,1,0,1,0,0,0,0,0,0,0,1,1,0,0,0,0,0,0,0,0,0
Oxacillin,2000,,,6,IV,Vial (Powder),0,0,2,2,1,1,1,1,0,1,0,0,0,0,0,0,0,1,1,0,0,0,0,0,0,0,0,0
Oxacillin,1000,,,6,IVP,Vial (Solution),0,0,1,1,1,1,1,1,0,0,0,0,0,0,0,0,0,0,1,0,0,0,0,0,0,0,0,0
Oxacillin,1000,,,6,IVP,Vial (Powder),0,0,2,2,1,1,1,1,0,0,0,0,0,0,0,0,0,0,1,0,0,0,0,0,0,0,0,0
Oxacillin,2000,,,6,IVP,Vial (Solution),0,0,1,1,1,1,1,1,0,0,0,0,0,0,0,0,0,0,1,0,0,0,0,0,0,0,0,0
Oxacillin,2000,,,6,IVP,Vial (Powder),0,0,2,2,1,1,1,1,0,0,0,0,0,0,0,0,0,0,1,0,0,0,0,0,0,0,0,0
Oxacillin,1000,,,6,IV,Mini-bag (Powder),0,0,1,1,0,0,0,0,0,1,0,0,0,0,0,0,0,1,1,0,0,0,0,0,0,0,0,0
Oxacillin,2000,,,6,IV,Mini-bag (Powder),0,0,1,1,0,0,0,0,0,1,0,0,0,0,0,0,0,1,1,0,0,0,0,0,0,0,0,0
Penicillin G Potassium,,1,5,6,IV,Vial (Powder),0,0,2,2,1,1,1,1,0,1,0,0,0,0,0,0,0,1,1,0,0,0,0,0,0,0,0,0
Penicillin G Potassium,,1,5,6,IV,Vial (Solution),0,0,1,1,1,1,1,1,0,1,0,0,0,0,0,0,0,1,1,0,0,0,0,0,0,0,0,0
Penicillin G Potassium,,1,5,6,IVP,Vial (Powder),0,0,2,2,1,1,1,1,0,0,0,0,0,0,0,0,0,0,1,0,0,0,0,0,0,0,0,0
Penicillin G Potassium,,1,5,6,IVP,Vial (Solution),0,0,1,1,1,1,1,1,0,0,0,0,0,0,0,0,0,0,1,0,0,0,0,0,0,0,0,0
Penicillin G Potassium,2,,,6,IV,Premix (Solution),0,0,0,0,0,0,0,0,0,1,0,0,0,0,0,0,0,1,1,0,0,0,0,0,0,0,0,0
Penicillin G Potassium,3,,,6,IV,Premix (Solution),0,0,0,0,0,0,0,0,0,1,0,0,0,0,0,0,0,1,1,0,0,0,0,0,0,0,0,0
Penicillin G Sodium,,1,5,6,IV,Vial (Powder),0,0,2,2,1,1,1,1,0,1,0,0,0,0,0,0,0,1,1,0,0,0,0,0,0,0,0,0
Penicillin G Sodium,,1,5,6,IV,Vial (Solution),0,0,1,1,1,1,1,1,0,1,0,0,0,0,0,0,0,1,1,0,0,0,0,0,0,0,0,0
Penicillin G Sodium,,1,5,6,IVP,Vial (Powder),0,0,2,2,1,1,1,1,0,0,0,0,0,0,0,0,0,0,1,0,0,0,0,0,0,0,0,0
Penicillin G Sodium,,1,5,6,IVP,Vial (Solution),0,0,1,1,1,1,1,1,0,0,0,0,0,0,0,0,0,0,1,0,0,0,0,0,0,0,0,0
Penicillin VK,250,,,4,PO,Tablet,0,0,0,0,0,0,0,0,0,0,0,0,0,0,0,0,0,0,0,1,,,1,1,1,0,0,0
Penicillin VK,500,,,4,PO,Tablet,0,0,0,0,0,0,0,0,0,0,0,0,0,0,0,0,0,0,0,1,,,1,1,1,0,0,0
Penicillin VK,250,,,4,PO,Oral Solution,0,0,0,0,0,0,0,0,0,0,0,0,0,0,0,0,0,0,0,0,,,1,1,0,1,1,0.025
Penicillin VK,500,,,4,PO,Oral Solution,0,0,0,0,0,0,0,0,0,0,0,0,0,0,0,0,0,0,0,0,,,1,1,0,1,1,0.05
Piperacillin-tazobactam,2250,,,3,IV,Vial (Solution),0,0,1,1,1,1,1,1,0,1,0,0,0,0,0,0,0,1,1,0,0,0,0,0,0,0,0,0
Piperacillin-tazobactam,2250,,,3,IV,Vial (Powder),0,0,2,2,1,1,1,1,0,1,0,0,0,0,0,0,0,1,1,0,0,0,0,0,0,0,0,0
Piperacillin-tazobactam,3750,,,3,IV,Vial (Solution),0,0,1,1,1,1,1,1,0,1,0,0,0,0,0,0,0,1,1,0,0,0,0,0,0,0,0,0
Piperacillin-tazobactam,3750,,,3,IV,Vial (Powder),0,0,2,2,1,1,1,1,0,1,0,0,0,0,0,0,0,1,1,0,0,0,0,0,0,0,0,0
Piperacillin-tazobactam,4500,,,3,IV,Vial (Solution),0,0,1,1,1,1,1,1,0,0,1,0,0,0,0,0,0,1,1,0,0,0,0,0,0,0,0,0
Piperacillin-tazobactam,4500,,,3,IV,Vial (Powder),0,0,2,2,1,1,1,1,0,0,1,0,0,0,0,0,0,1,1,0,0,0,0,0,0,0,0,0
Piperacillin-tazobactam,2250,,,4,IV,Mini-bag (Powder),0,0,1,1,0,0,0,0,0,1,0,0,0,0,0,0,0,1,1,0,0,0,0,0,0,0,0,0
Piperacillin-tazobactam,3375,,,4,IV,Mini-bag (Powder),0,0,1,1,0,0,0,0,0,1,0,0,0,0,0,0,0,1,1,0,0,0,0,0,0,0,0,0
Piperacillin-tazobactam,4500,,,4,IV,Mini-bag (Powder),0,0,1,1,0,0,0,0,0,0,1,0,0,0,0,0,0,1,1,0,0,0,0,0,0,0,0,0
Piperacillin-tazobactam,3375,,,4,IV,Premix (Solution),0,0,0,0,0,0,0,0,0,1,0,0,0,0,0,0,0,1,1,0,0,0,0,0,0,0,0,0
Piperacillin-tazobactam,4500,,,4,IV,Premix (Solution),0,0,0,0,0,0,0,0,0,0,1,0,0,0,0,0,0,1,1,0,0,0,0,0,0,0,0,0
Posaconazole,300,,,1,IV,Vial (Solution),0,0,1,1,1,1,1,1,0,0,0,0,0,1,0,0,0,1,1,0,0,0,0,0,0,0,0,0
Posaconazole,100,,,3,PO,Suspension,0,0,0,0,0,0,0,0,0,0,0,0,0,0,0,0,0,0,0,0,,,1,1,0,1,1,0.023809523809523808
Posaconazole,200,,,3,PO,Suspension,0,0,0,0,0,0,0,0,0,0,0,0,0,0,0,0,0,0,0,0,,,1,1,0,1,1,0.047619047619047616
Posaconazole,300,,,3,PO,Suspension,0,0,0,0,0,0,0,0,0,0,0,0,0,0,0,0,0,0,0,0,,,1,1,0,1,1,0.07142857142857142
Posaconazole,400,,,3,PO,Suspension,0,0,0,0,0,0,0,0,0,0,0,0,0,0,0,0,0,0,0,0,,,1,1,0,1,1,0.09523809523809523
Posaconazole,100,,,3,PO,Tablet,0,0,0,0,0,0,0,0,0,0,0,0,0,0,0,0,0,0,0,1,,,1,1,1,0,0,0
Posaconazole,200,,,3,PO,Tablet,0,0,0,0,0,0,0,0,0,0,0,0,0,0,0,0,0,0,0,1,,,1,1,1,0,0,0
Posaconazole,300,,,3,PO,Tablet,0,0,0,0,0,0,0,0,0,0,0,0,0,0,0,0,0,0,0,1,,,1,1,1,0,0,0
Posaconazole,400,,,3,PO,Tablet,0,0,0,0,0,0,0,0,0,0,0,0,0,0,0,0,0,0,0,1,,,1,1,1,0,0,0
Pyrazinamide,500,,,1,PO,Tablet,0,0,0,0,0,0,0,0,0,0,0,0,0,0,0,0,0,0,0,1,,,1,1,1,0,0,0
Remdesivir,100,,,1,IV,Vial (Solution),0,0,1,1,1,1,1,1,0,0,0,0,0,1,0,0,0,1,1,0,0,0,0,0,0,0,0,0
Remdesivir,100,,,1,IV,Vial (Powder),0,0,2,2,1,1,1,1,0,0,0,0,0,1,0,0,0,1,1,0,0,0,0,0,0,0,0,0
Remdesivir,200,,,1,IV,Vial (Solution),0,0,1,1,1,1,1,1,0,0,0,0,0,1,0,0,0,1,1,0,0,0,0,0,0,0,0,0
Remdesivir,200,,,1,IV,Vial (Powder),0,0,2,2,1,1,1,1,0,0,0,0,0,1,0,0,0,1,1,0,0,0,0,0,0,0,0,0
Rifampin,300,,,1,IV,Vial (Powder),0,0,2,2,1,1,1,1,0,0,1,0,0,0,0,0,0,1,1,0,0,0,0,0,0,0,0,0
Rifampin,300,,,1,IV,Vial (Solution),0,0,1,1,1,1,1,1,0,0,1,0,0,0,0,0,0,1,1,0,0,0,0,0,0,0,0,0
Rifampin,600,,,1,IV,Vial (Powder),0,0,2,2,1,1,1,1,0,0,1,0,0,0,0,0,0,1,1,0,0,0,0,0,0,0,0,0
Rifampin,600,,,1,IV,Vial (Solution),0,0,1,1,1,1,1,1,0,0,1,0,0,0,0,0,0,1,1,0,0,0,0,0,0,0,0,0
Rifampin,150,,,2,PO,Capsule,0,0,0,0,0,0,0,0,0,0,0,0,0,0,0,0,0,0,0,1,,,1,1,1,0,0,0
Rifampin,300,,,2,PO,Capsule,0,0,0,0,0,0,0,0,0,0,0,0,0,0,0,0,0,0,0,1,,,1,1,1,0,0,0
Sulfamethoxazole-trimethoprim,,1,240,2,IV,Vial (Solution),0,0,1,1,1,1,1,1,0,0,0,0,0,1,0,0,0,1,1,0,0,0,0,0,0,0,0,0
Sulfamethoxazole-trimethoprim,,241,450,2,IV,Vial (Solution),0,0,1,1,1,1,1,1,0,0,0,0,0,0,0,1,0,1,1,0,0,0,0,0,0,0,0,0
Sulfamethoxazole-trimethoprim,80,,,2,PO,Tablet,0,0,0,0,0,0,0,0,0,0,0,0,0,0,0,0,0,0,0,1,,,1,1,1,0,0,0
Sulfamethoxazole-trimethoprim,160,,,2,PO,Tablet,0,0,0,0,0,0,0,0,0,0,0,0,0,0,0,0,0,0,0,1,,,1,1,1,0,0,0
Sulfamethoxazole-trimethoprim,320,,,2,PO,Tablet,0,0,0,0,0,0,0,0,0,0,0,0,0,0,0,0,0,0,0,1,,,1,1,1,0,0,0
Sulfamethoxazole-trimethoprim,80,,,2,PO,Suspension,0,0,0,0,0,0,0,0,0,0,0,0,0,0,0,0,0,0,0,0,,,1,1,0,1,1,0.021141649048625793
Sulfamethoxazole-trimethoprim,160,,,2,PO,Suspension,0,0,0,0,0,0,0,0,0,0,0,0,0,0,0,0,0,0,0,0,,,1,1,0,1,1,0.042283298097251586
Sulfamethoxazole-trimethoprim,320,,,2,PO,Suspension,0,0,0,0,0,0,0,0,0,0,0,0,0,0,0,0,0,0,0,0,,,1,1,0,1,1,0.08456659619450317
Tigecycline,50,,,2,IV,Vial (Powder),0,0,2,2,1,1,1,1,0,1,0,0,0,0,0,0,0,1,1,0,0,0,0,0,0,0,0,0
Tigecycline,100,,,1,IV,Vial (Powder),0,0,2,2,1,1,1,1,0,0,1,0,0,0,0,0,0,1,1,0,0,0,0,0,0,0,0,0
Tigecycline,50,,,2,IV,Mini-bag (Powder),0,0,1,1,0,0,0,0,0,1,0,0,0,0,0,0,0,1,1,0,0,0,0,0,0,0,0,0
Tigecycline,100,,,1,IV,Mini-bag (Powder),0,0,1,1,0,0,0,0,0,0,1,0,0,0,0,0,0,1,1,0,0,0,0,0,0,0,0,0
Tobramycin,,1,40,3,IV,Vial (Solution),0,0,1,1,1,1,1,1,0,1,0,0,0,0,0,0,0,1,1,0,0,0,0,0,0,0,0,0
Tobramycin,,1,40,3,IV,Vial (Powder),0,0,2,2,1,1,1,1,0,1,0,0,0,0,0,0,0,1,1,0,0,0,0,0,0,0,0,0
Tobramycin,,41,1200,3,IV,Vial (Solution),0,0,1,1,1,1,1,1,0,0,1,0,0,0,0,0,0,1,1,0,0,0,0,0,0,0,0,0
Tobramycin,,41,1200,3,IV,Vial (Powder),0,0,2,2,1,1,1,1,0,0,1,0,0,0,0,0,0,1,1,0,0,0,0,0,0,0,0,0
Valacyclovir,500,,,2,PO,Tablet,0,0,0,0,0,0,0,0,0,0,0,0,0,0,0,0,0,0,0,1,0,0,1,1,1,0,0,0
Valacyclovir,1000,,,2,PO,Tablet,0,0,0,0,0,0,0,0,0,0,0,0,0,0,0,0,0,0,0,1,,,1,1,1,0,0,0
Vancomycin,500,,,2,IV,Vial (Solution),0,0,1,1,1,1,1,1,0,0,1,0,0,0,0,0,0,1,1,0,0,0,0,0,0,0,0,0
Vancomycin,500,,,2,IV,Vial (Powder),0,0,2,2,1,1,1,1,0,0,1,0,0,0,0,0,0,1,1,0,0,0,0,0,0,0,0,0
Vancomycin,750,,,2,IV,Vial (Solution),0,0,1,1,1,1,1,1,0,0,0,0,0,1,0,0,0,1,1,0,0,0,0,0,0,0,0,0
Vancomycin,750,,,2,IV,Vial (Powder),0,0,2,2,1,1,1,1,0,0,0,0,0,1,0,0,0,1,1,0,0,0,0,0,0,0,0,0
Vancomycin,1000,,,2,IV,Vial (Solution),0,0,1,1,1,1,1,1,0,0,0,0,0,1,0,0,0,1,1,0,0,0,0,0,0,0,0,0
Vancomycin,1000,,,2,IV,Vial (Powder),0,0,2,2,1,1,1,1,0,0,0,0,0,1,0,0,0,1,1,0,0,0,0,0,0,0,0,0
Vancomycin,1250,,,2,IV,Vial (Solution),0,0,1,1,1,1,1,1,0,0,0,0,0,1,0,0,0,1,1,0,0,0,0,0,0,0,0,0
Vancomycin,1250,,,2,IV,Vial (Powder),0,0,2,2,1,1,1,1,0,0,0,0,0,1,0,0,0,1,1,0,0,0,0,0,0,0,0,0
Vancomycin,1500,,,2,IV,Vial (Solution),0,0,1,1,1,1,1,1,0,0,0,0,0,1,0,0,0,1,1,0,0,0,0,0,0,0,0,0
Vancomycin,1500,,,2,IV,Vial (Powder),0,0,2,2,1,1,1,1,0,0,0,0,0,1,0,0,0,1,1,0,0,0,0,0,0,0,0,0
Vancomycin,750,,,2,IV,Mini-bag (Powder),0,0,1,1,0,0,0,0,0,0,0,0,0,1,0,0,0,1,1,0,0,0,0,0,0,0,0,0
Vancomycin,1000,,,2,IV,Mini-bag (Powder),0,0,1,1,0,0,0,0,0,0,0,0,0,1,0,0,0,1,1,0,0,0,0,0,0,0,0,0
Vancomycin,500,,,2,IV,Mini-bag (Powder),0,0,1,1,0,0,0,0,0,0,1,0,0,0,0,0,0,1,1,0,0,0,0,0,0,0,0,0
Vancomycin,500,,,2,IV,Premix (Solution),0,0,0,0,0,0,0,0,0,0,1,0,0,0,0,0,0,1,1,0,0,0,0,0,0,0,0,0
Vancomycin,750,,,3,IV,Premix (Solution),0,0,0,0,0,0,0,0,0,0,0,1,0,0,0,0,0,1,1,0,0,0,0,0,0,0,0,0
Vancomycin,1000,,,3,IV,Premix (Solution),0,0,0,0,0,0,0,0,0,0,0,0,0,1,0,0,0,1,1,0,0,0,0,0,0,0,0,0
Vancomycin,1250,,,3,IV,Premix (Solution),0,0,0,0,0,0,0,0,0,0,0,0,0,1,0,0,0,1,1,0,0,0,0,0,0,0,0,0
Vancomycin,1500,,,3,IV,Premix (Solution),0,0,0,0,0,0,0,0,0,0,0,0,0,0,1,0,0,1,1,0,0,0,0,0,0,0,0,0
Vancomycin,125,,,,PO,Capsule,0,0,0,0,0,0,0,0,0,0,0,0,0,0,0,0,0,0,0,1,,,1,1,1,0,0,0
Vancomycin,250,,,,PO,Capsule,0,0,0,0,0,0,0,0,0,0,0,0,0,0,0,0,0,0,0,1,,,1,1,1,0,0,0
Vancomycin,250,,,,PO,Oral Solution,0,0,0,0,0,0,0,0,0,0,0,0,0,0,0,0,0,0,0,0,,,1,1,0,1,1,0.016666666666666666
Voriconazole,,1,200,2,IV,Vial (Powder),0,0,2,2,1,1,1,1,0,0,1,0,0,0,0,0,0,1,1,0,0,0,0,0,0,0,0,0
Voriconazole,,201,400,2,IV,Vial (Powder),0,0,3,3,1,1,1,1,0,0,1,0,0,0,0,0,0,1,1,0,0,0,0,0,0,0,0,0
Voriconazole,,401,500,2,IV,Vial (Powder),0,0,4,4,1,1,1,1,0,0,1,0,0,0,0,0,0,1,1,0,0,0,0,0,0,0,0,0
Voriconazole,,501,600,2,IV,Vial (Powder),0,0,4,4,1,1,1,1,0,0,0,0,0,1,0,0,0,1,1,0,0,0,0,0,0,0,0,0
Voriconazole,,601,800,2,IV,Vial (Powder),0,0,5,5,1,1,1,1,0,0,0,0,0,1,0,0,0,1,1,0,0,0,0,0,0,0,0,0
Voriconazole,200,,,2,PO,Suspension,0,0,0,0,0,0,0,0,0,0,0,0,0,0,0,0,0,0,0,0,,,1,1,0,1,1,0.06666666666666667
Voriconazole,250,,,2,PO,Suspension,0,0,0,0,0,0,0,0,0,0,0,0,0,0,0,0,0,0,0,0,,,1,1,0,1,1,0.08333333333333333
Voriconazole,300,,,2,PO,Suspension,0,0,0,0,0,0,0,0,0,0,0,0,0,0,0,0,0,0,0,0,,,1,1,0,1,1,0.1
Voriconazole,50,,,2,PO,Tablet,0,0,0,0,0,0,0,0,0,0,0,0,0,0,0,0,0,0,0,1,,,1,1,1,0,0,0
Voriconazole,200,,,2,PO,Tablet,0,0,0,0,0,0,0,0,0,0,0,0,0,0,0,0,0,0,0,1,,,1,1,1,0,0,0